id,date,title,link,content
1,2023-03-06 10:10,동서식품  커피믹스에 ‘녹색기술 인증’ 포장재 적용,https://n.news.naver.com/mnews/article/366/0000882622?sid=101,"[




동서식품 ‘녹색기술 인증’. /동서식품 제공        동서식품은 커피믹스  포스트 시리얼 스탠드백 등 주요 제품군에 ‘녹색기술 인증’을 받은 포장재를 적용하기로 했다고 6일 밝혔다.녹색기술은 탄소중립  녹색성장 기본법에 의거 에너지와 자원을 절약하고 효율적으로 사용해 온실가스  오염물질 배출을 최소화하는 기술을 말한다.동서식품은 포장재 연간 잉크 사용량은 50%  잔류용제는 약 99% 줄일 수 있는 기술을 활용  농림축산식품부로부터 녹색기술 인증을 획득했다.우선 맥심 모카골드  맥심 화이트골드 등 커피믹스 제품과 스탠드백 형태의 포스트 시리얼 제품  카누 라떼 제품 등에 인증 포장재를 적용하기로 했다.동서식품 측은 “향후 원두 제품  오레오 제품에도 녹색인증 기술을 적용한 포장재를 확대하여 도입할 예정”이라면서 “환경보호를 위한 다양한 활동을 추진할 것”이라고 말했다.
]"
2,2023-03-06 9:02,SPC 배스킨라빈스  첫 크림 커피 '솔티크림 커피' 공개,https://n.news.naver.com/mnews/article/003/0011723950?sid=101,"[
기사내용 요약'솔티크림 슈페너' '솔티크림 라떼' 등 2종



(사진=SPC 제공) *재판매 및 DB 금지[서울=뉴시스]주동일 기자 = SPC 배스킨라빈스 커피 브랜드 '카페 브리즈'가 크림 커피 '솔티크림 커피' 2종을 출시한다고 6일 밝혔다.배스킨라빈스가 선보이는 첫 크림커피 메뉴인 '솔티크림 커피' 2종은 쌉쌀한 맛과 진한 풍미를 더한 커피에 솔티크림이 조화를 이룬다.신제품은 '카페 브리즈' 원두로 내린 진한 아메리카노에 솔티크림을 올린 '솔티크림 슈페너'와 에스프레소에 연유를 더한 스페니쉬 라떼에 솔티크림을 더한 '솔티크림 라떼' 등 2종이다.솔티크림은 우유 아이스크림과 소금을 조합해 깊은 단맛을 냈다. 배스킨라빈스의 심도 깊은 연구개발을 통해 탄생한 '솔티크림 커피' 2종은 브랜드의 개성을 담은 새 커피를 찾는 소비자들을 타기팅할 계획이다.SPC 배스킨라빈스 관계자는 ""커피 전문점에서 시그니처 메뉴로만 만날 수 있던 '크림커피'를 배스킨라빈스에서도 쉽게 접할 수 있게 됐다""며 ""앞으로도 소비자들에게 품질이 뛰어나면서도 트렌디한 커피 음료를 꾸준히 선보이며 커피 제품의 전문성을 강화할 예정""이라고 말했다.
]"
3,2023-03-06 8:44,동서식품  커피믹스·시리얼 등에 '녹색인증' 패키지 적용,https://n.news.naver.com/mnews/article/001/0013793769?sid=101,"[




[동서식품 제공. 재판매 및 DB금지](서울=연합뉴스) 신선미 기자 = 동서식품은 녹색기술 인증을 받은 포장재를 도입했다고 6일 밝혔다.    녹색인증제도는 탄소중립·녹색성장 기본법에 따라 유망한 녹색기술을 인증하고 지원하는 제도다.    녹색기술은 에너지와 자원을 절약하고 효율적으로 사용해 온실가스와 오염물질 배출을 최소화하는 기술이다.    동서식품은 맥심 모카골드  맥심 화이트골드 등 커피믹스를 비롯해 맥심 인스턴트 커피 리필  스탠드백 형태의 포스트 시리얼 제품  카누 라떼 등에 녹색기술을 적용한 친환경 포장재를 사용했다.    동서식품을 이를 통해 연간 포장재 잉크 사용량을 기존 방식과 비교해 절반 수준으로 줄일 수 있을 것으로 내다봤다.    동서식품은 앞으로 원두제품  오레오에도 녹색인증 기술을 적용한 포장재를 쓸 예정이다.    sun@yna.co.kr
]"
4,2023.03.05. 오후 7:35,"
			'런닝맨' 김종국  커피 원두를 맷돌로..유연석 ""에스프레소 수준"" 감탄[별별TV]
		",https://n.news.naver.com/mnews/article/108/0003133804?sid=106,"[
 
'런닝맨' 방송화면 캡쳐'런닝맨' 김종국이 커피 원두를 맷돌로 갈았다.5일 방송된 SBS 예능 프로그램 '런닝맨'에서는 집주인이 정한 하루일과를 수행해야 하는 '집사의 하루' 레이스가 펼쳐졌다. 게스트로 영화 '멍뭉이'의 주연배우 유연석과 차태현이 출연해 자리를 빛냈다.이날 런닝맨 멤버들에게는 '오늘 할 일'로 드립 커피 마시기가 미션으로 주어졌다. 수석 집사 유연석은 집주인 지석진으로부터 받은 10코인 중 7코인을 차태현에게 주며 커피 재료를 사오라고 했다. 차태현은 로스팅 된 커피와 원두 그라인더를 사지 않고 생원두만 4코인을 주고 구매해 차익을 챙겼다.결국 유연석은 직접 생 원두를 볶아야 했다. 생원두를 볶는 모습을 보고 김종국은 ""이거 되는거냐  미안한데 뻥튀기 향이 난다""라며 의심하는 모습을 보였다. 그러나 원두는 예상 외로 잘 볶아졌다. 이어 유연석은 원두를 갈기 위해 촬영장에 있던 맷돌을 가져왔다. 맷돌로 원두 갈기는 김종국이 도왔다. 김종국은 앞서 했던 의심을 거두고 잘 갈리는 원두를 보며 ""커피 냄새가 난다. 이거 진짜로 커피 내릴 수 있겠는데""라며 신기해하는 모습을 보였다. 드립커피를 지휘하던 유연석은 ""에스프레소 수준이다""라며 잘 갈린 원두를 보고 감탄했다.드립으로 커피 내리기까지 완료한 커피를 시음한 집주인 지석진은 ""너무 맛있는데""라며 감탄했고  수고한 유연석에게 5코인을 추가로 하사했다.정은채 인턴기자 star@mtstarnews.com
]"
5,2023-03-06 7:52,영도구  청학동에 커피 업체 유치 추진,https://n.news.naver.com/mnews/article/056/0011439466?sid=101,"[
[KBS 부산]부산 영도구가 한국토지주택공사와 함께 청학동 공업지역 활성화 시범사업지에 커피 업체 유치를 추진하고 있습니다.영도구는 인근의 봉래동 커피 특화 거리와 연계한 이 사업으로 입점 업체가 늘면 협동 조합을 만들어 원두 경매를 진행하는 등 지역 커피 산업 규모를 키울 계획입니다.영도구는 지난해 11월 진행한 업무 협약에서 전국의 커피 업체 20곳이 관심을 보였다고 밝혔습니다.
]"
6,2023-03-04 18:03,“막내야  커피 한잔 사와라”...“김부장님  이미 구독했어요” [생생유통],https://n.news.naver.com/mnews/article/009/0005096737?sid=103,"[
			일정 구독료를 내고 상품이나 서비스를 제공 받는 구독 경제가 일상 곳곳에 침투하고 있다. 신문과 우유로 시작된 구독 경제 모델이 책  자동차 등 상품뿐 아니라 IT 기술 같은 오프라인 서비스까지 광범위하게 확장됐다. 소비자 입장에서 매번 결제하는 수고를 덜고 기업은 안정적인 현금 창출 수단으로 쓸 수 있어 윈-윈 효과를 누릴 수 있기 때문이다. 구독 경제 모델이 가진 이점에 주목한 식음료업계도 유제품  생수 위주의 구독 품목을 커피  계란  야채 등 기호식품  신선신품으로 다양해지고 있다.▲ 못난이 농산물 구독 서비스 ‘어스박스’



 예스어스 서비스 페이지푸드테크 스타트업 올투딜리셔스가 운영하는 어스박스는 농산물 구독 플랫폼 ‘예스어스’를 통해 못난이 농산물을 저가로 배송하고 있다. 모양  크기 등 외부적 요인에 의해 등급 외로 분류돼 폐기되는 못난이 농산물은 판로를 찾지 못해 매년 수 톤씩 버려진다.올투딜리셔스는 이 문제를 해결하기 위해 매년 산지에서 폐기되는 5조 원 규모의 못난이 농산물을 직접 수급해 소비자에게 저가에 공급  매주 혹은 격주로 5~10종의 채소·과일을 3~5㎏씩 소분  배송한다. 상생 구조를 만들기 위해 생산자에게 못난이 농산물을 기존 판로 대비 20% 비싸게 사고  소비자에게는 유통 과정을 줄여 20% 저렴하게 판매하고 있다.최근 어스박스는 고객의 구매 패턴을 스스로 분석하는 인공지능(AI) 기술을 통해 개인 맞춤형 농산물과 조리법을 함께 제공함으로써 기존 못난이 농산물 유통과 차별화를 꾀했다. 국내 최고의 식품을 가리는 ‘2022푸드앤푸드테크대상’에서 일반식품 김치·신선식품 부문 대상을 수상하기도 했다.▲ 갓 낳은 계란을 문 앞으로 ‘월간계란’



 초란 방사유정란 30알 60알  난각번호 2번란 &lt;사진캡쳐=월간계란&gt;월간계란은 갓 낳은 계란을 문 앞까지 배송하는 계란 구독 서비스를 제공하고 있다. 육지는 하루  제주도 등 섬은 이틀이면 배송된다.시중에 유통되는 달걀을 보면 표면에 숫자와 알파벳이 쓰여 있는데  이 중 맨 뒤에 쓰여 있는 숫자가 사육환경을 나타내는데 1~4까지 각각 자연방사  평사방사  개선된 케이지  일반 케이지를 의미한다. 월간 계란은 달걀의 맛과 영양은 닭이 좌우한다는 철학으로 동물 복지에 가까운 2번 달걀만 취급한다.친환경적인 사육 환경에서 자란 닭의 달걀은 깼을 때 노른자는 탱글탱글하며 흰자와 노른자의 구분이 뚜렷하고 퍼지지 않는다. 산란일자가 가까울수록 알끈도 선명하게 살아있는 것이 특징이다.▲ “사무실에서 커피 구독하세요” ‘원두데일리’



 오피스 커피 &lt;출처=게티이미지&gt;고급 커피가 사내 복지의 중요한 요소로 떠오르면서 커피 머신 및 원두 구독 서비스도 나왔다. 커피 유통 스타트업 스프링온워드의 오피스 대상 커피 구독 및 커피 머신 렌탈 서비스 원두데일리는 ‘사무실에서 즐기는 유명 카페 커피’란 콘셉트를 내세운 기업 대상 원두 구독 서비스다. 커피리브레  테일러커피  부산 모모스 커피 등 전국의 유명 로스터리 업체뿐만 아니라 유라  프랑케  모닝캡슐 등 프리미엄 커피 머신 브랜드와 파트너십을 맺고 사무실에서도 고품질의 스페셜티 커피를 합리적인 가격으로 즐길 수 있도록 제공하고 있다. 초창기 가입 고객은 주로 스타트업  중소기업 비중이 높았으나 대형 은행  건설사  병원 등으로 고객사가 늘어나고 있다.원두데일리는 유명 카페에서 마시던 그 커피 그대로의 맛을 전달하고자 올해부터 ‘그 커피 그대로’ 캠페인을 전개하며 원두를 고를 때 유통기한이 아닌 제조일자를 확인해야 한다는 점을 강조한다. 좋은 원두의 맛과 향을 느끼기 위해서는 로스팅 제조 날짜로부터 3~14일 이내 소비하는 것을 권하고 있다. 원두데일리는 모든 원두를 로스팅이 끝난 후 7일 이내 배송하는 것을 원칙으로 한다.
]"
7,2023-03-05 11:21,[소심한반전] 커피 대신 차를 마시면 이런 변화가 있습니다,https://n.news.naver.com/mnews/article/047/0002384075?sid=103,"[
티소믈리에가 되기까지... 이번 경칩에는 '누와라엘리야' 홍차를 추천합니다소심하지만 반전인생을 살고 있는 혹은 반전인생을 살고 싶은 사람들의 이야기. &lt;편집자말&gt;티소믈리에 공부를 하면서 티카페에 나온 메뉴판을 잘 이해할 정도의 지식을 얻었다. 물론 열심히 배운 내용을 공부한 점도 있다. 물에 우린 잎을 무슨 재미로 마시나 했는데  요즘 내가 그러고 있다. 



▲ 인사동 티카페에서 밀키우롱차 밀키우롱차에서는 밀키카라멜 맛이 난다. ⓒ 김지언 어제 동생이랑 티카페에 가서 대만의 밀키우롱을 마셨다. 동글동글하게 포유된 우롱차는 향과 맛을 마시는 매력적인 음료다. 특히 밀키우롱은 물만 넣었는데 밀크카라멜을 마시는 듯한 느낌을 주었다.여섯 살이 된 딸아이도 우롱차를 제법 잘 마셨다. 커피와 달리 잎차는 다섯 번이나 우려 마실 수 있다. 차의 매력 중 하나인 가성비가 참 마음에 든다. 차를 마시면서 타인과 나누는 이야기는 이전보다 훨씬 깊고 풍성해졌다.티소믈리에 공부를 마치니 차에 관심 있는 사람들과 작은 모임을 만들고 글도 쓰고 차도 마시고 싶은 아주 사소한 소원이 생겼다. 커피 러버였던 사람이 어쩌다 차의 매력에 빠진 걸까. 내 인생에 불어온 차의 계절 보통 아이를 임신하면 임산부들이 커피와 술  담배 등 뭔가 태아에게 좋지 않을 것을 멀리하게 된다. 2018년 첫 아이를 임신했을 때  나는 커피를 끊지 못하는 임산부 중 한 명이었다. 매일 에스프레소 2잔을 챙겨 먹으며 아이를 출산했다.임신을 해도 나는 커피만큼 맛있는 음료를 발견하지 못했다. 그렇게 커피를 사랑하는 삶을 살다 끝날 줄 알았다. 하지만 인생은 한 치 앞도 모르는 법인가. 임신했을 때도 끊지 못한 커피를 끊고 지금은 티러버가 되어 차의 세계에 발을 들였다. 지금처럼 디카페인 열풍이 불기 전부터 나는 디카페인 커피를 일찍부터 마셨다. 밤에도 커피를 마시고 싶다는 강력한 열망 때문이었다. 디카페인 커피도 누가 볶느냐에 따라 맛이 달랐다. 어떤 카페는 디카페인 커피가 정말 맛없고  또 다른 곳은 카페인 든 커피만큼 디카페인 커피맛이 좋았다. 내 디카페인 원두의 대부분은 남편 카페에서 얻어 마셨다.  



▲ 차를 잘 마시기 위해 산 개완세트 차 마시는 맛ⓒ 김지언 차에는 없는 커피만의 매력은 바로 카페인이다. 카페인이 몸속에 들어오면서 없는 에너지도 머리끝까지 끌어올려준다. 긴장감이 떨어진다 싶으면 커피를 마시고 또 마셨다. 그렇게 커피를 마셔도 잠을 잘 잤다.반대로 남편은 카페인에 취약했다. 조금만 커피가 들어가도 밤새 잠을 이루지 못하고 수면제를 복용했다. 그래서 나는 카페인에 약한 남편 대신에 장금이처럼 맛있는 커피를 마셔주는 사람이 됐다. 그러다 코로나19는 내 삶의 많은 부분을 바꿔놓았다. 1년 2개월 정도 재택근무라는 신세계를 맛보게 해줬다. 코로나 때문에 밖으로 나가는 일이 줄어드니 자연스럽게 홈카페를 추구했다.다른 곳에 여행을 가지 않는 이상 카페에 갈 일이 별로 없기도 했다. 무엇보다 밖에서 마시는 커피가 맛있지 않았다. 그걸 왜 돈을 주고 사먹어야 하는 괘씸한 마음이 올라왔다. 그래서 늘 텀블러에 내가 정성스럽게 만든 디카페인 커피를 가지고 다녔다. 밖에서 커피를 사 먹는 일이 현저히 줄어들기 시작했다.  마실 거리를 바꾸는 일 &lt;숲속의 자본주의자&gt;를 쓴 박혜윤 작가의 책은 가랑비에 옷이 젖는 듯한 인사이트를 주었다. 특히 작가의 집에는 커피와 술  인터넷이 없다는 게 어떤 동기 부여가 됐다.작가가 자신의 삶에서 그것을 끊어가는 과정에서 겪은 어려움이 자세하게 기술되어 있다. 매일 커피를 마시지 않아도 된다는 점이 매력적으로 들렸다. 그래서 나도 박혜윤 작가를 따라서 커피 끊기를 시도했다. 매일 마실 거리를 커피 대신 차로 바꿔나갔다. 처음부터 무리하지 않았다. 커피를 디카페인 커피로 바꿔보는 작은 시도부터 해보는 게 좋겠다. 나 역시 2~3년 정도 디카페인과 카페인 커피를 번갈아가며 마셔왔다. 그렇지 않고 일단 커피부터 끊었으면 얼마 가지 못해 다시 커피를 마셨을 것이다. 나는 커피 다음으로 좋아하는 메뉴인 밀크티 위주로 카페인을 줄여 나갔다. 찬장에 쌓인 차로 티시럽을 만들어 최대한 밀크티 마시는 걸 간편하게 바꿨다. 밀크티를 마시다가 지겨워지면 맹물에 차만 우려먹기 시작했다. 그것도 나름 매력 있었다. 어떤 날에는 보리차를  보리차에 옥수수차를 블렌딩해서 마시는 등 창의적으로 마실 거리를 바꿔나갔다. 



▲ 티소믈리에 티테이스팅 시간 여러 개의 차를 놓고 관찰한다ⓒ 김지언 어떤 날에는 세계에 나가서 1등한 우전이라는 녹차가 그렇게 맛있다는 이야길 들었다. 그길로 우전과 다도 세트를 구입했다. 그렇게 마시는 녹차 한 잔은 왕의 밥상 못지 않게 훌륭했다. 커피를 마시다 차를 마시니 이런 점이 좋았다. 피곤함을 느끼는 몸의 리듬에 맞춰 숙면을 취할 수 있었다. 원래 커피를 마셔도 잘 자는 편이었는데 더 잘 자는 삶으로 바뀌었다.그리고 널뛰기하던 감정기복이 조금 누그러들었다. 그게 내가 커피 대신 차를 마시고 얻은 가장 큰 효과였다. 덕분에 아이에게 소리를 지르거나 남편에게 짜증을 일삼은 나날이 조금씩 줄어들고 있다.차를 우리는 과정에서 나 자신을 굉장히 소중하게 대하는 듯한 인상을 받는다. 맛있는 차 한 잔을 마시기 위해 따뜻한 물을 데우고  찻잎을 넣고 우려지길 기다리는 수고로움이 있다.하지만 따뜻한 물과 찻잎이 만날 때 피어오르는 향기는 커피향 못지않게 좋다. 찻잎이 물과 만나 대류하는 순간 마저 즐거움을 주었다. 나는 차와 사랑에 빠진 게 분명하다. 차를 마시기 시작하니 더 알고 싶어졌다한참 차에 빠져서 집에 있는 차 재료들로 나만의 레시피를 만들어 마셨다. 무언가에 빠지면 그것만 이야기하는 습관이 내겐 있다. 말할 사람이 남편 밖엔 없는데 바깥 일로 피곤한 그에게 못할 짓이었다. 그래서 그길로 차 공부를 할 수 있는 곳을 알아봤다. 지난 연말 고향에 내려갔다가 방문한 카페 티퍼니는 블렌딩의 신세계를 맛보게 해준 곳이다. 2022년 골든티어워드에서 티자이너 챔피언십 동상을 수상한 '푸른하늘은하수'는 정말 이름처럼 빛나는 맛이었다. 지금은 아쉽게도 개인 사정으로 사장님이 더이상 가게를 운영하지 않으신다. 



▲ 푸른하늘은하수 카페 티퍼니 사장님의 시그니처 메뉴ⓒ 김지언 티소믈리에와 관련해 차를 정말 사랑하는 사장님이 배운 곳으로 선택했다. 카페 티퍼니 때문에 알게된 곳에서 티소믈리에 교육을 받았다. 4주 동안 1주일에 한 번 매일 오전 10시부터 5시까지 차의 모든 것을 알아가는 일이 시작했다. 그렇게 나는 지난 2월 25일(목) 티소믈리에 이론과 실기 시험을 보고 첫 발을 내디뎠다. 다가오는 3월 6일은 24절기 중 세 번째 절기에 해당하는 '경칩'이다. 만물이 겨울잠에서 깨어나는 시기로  기온이 날마다 오르면서 점점 봄으로 향하게 된다. 실론티의 샴페인이라는 '누와라엘리야' 홍차를 그 시기에 꼭 마셔보라고 새내기티소믈리에로서 추천해본다. group 소심한반전 : https://omn.kr/group/soso_life 소심하지만 반전인생을 살고 있는 혹은 반전인생을 살고 싶은 사람들의 이야기.
]"
8,2023-03-03 9:51,매일유업  '어메이징 오트' 비건 커피클래스 성료,https://n.news.naver.com/mnews/article/421/0006662003?sid=101,"[




(매일유업 제공)(서울=뉴스1) 이상학 기자 = 매일유업(267980)은 어메이징 오트의 첫 번째 비건 커피클래스를 지난달 28일 성공리에 괘최했다고 3일 밝혔다. 이번 커피클래스는 카카오톡 플러스친구 어메이징 오트 채널을 추가한 고객을 대상으로 폴 바셋 한남 커피스테이션점에서 3시간가량 진행됐다. 어메이징 오트는 '오리지널'과 '언스위트'  '바리스타'까지 3종의 라인업을 보유하고 있고  어메이징 오트 190㎖한 팩으로 600mg의 베타글루칸을 섭취할 수 있다. 3종 모두 한국비건인증원에서 비건 인증을 받은 100% 식물성 음료로  환경과 가치소비를 중시하는 소비자들이 건강하게 섭취할 수 있는 제품이다.어메이징 오트 바리스타는 커피에 잘 어울리는 진하고 풍부한 맛이 특징이다. 어메이징 오트 커피클래스에서는 기호에 따라 어메이징 오트를 더욱 맛있게 즐기실 수 있도록 3가지 커피 원두에 대한 기초 강좌를 진행했다. 또 오트 레시피 클래스에서는 어메이징 오트를 활용한 3가지 레시피를 시연하고 참석자들이 직접 메뉴를 만들었다. 지난해 성수동 어메이징 오트 팝업스토어에서 인기를 끌었던 '어메이징 오트 몰트라떼'  '오트 위스키' 2종과 봄에 어울리는 상큼한 블렌디드 메뉴를 제조하는 시간도 가졌다.매일유업 관계자는 ""어메이징 오트는 유당이 없어 에스프레소를 넣어 라떼로 먹었을 때 커피의 쌉쌀한 맛을 더 잘 살려주고  입자가 고르고 미세해 부드러운 거품이 형성되기 때문에 커피와 잘 어울린다""며 ""앞으로도 고객들에게 특별한 경험을 제공하기 위해 지속적으로 클래스와 프로그램을 진행할 예정""이라고 말했다.
		]"
9,2023-03-06 10:03,2023 서울커피엑스포  50% 할인 얼리버드 티켓 오픈,https://n.news.naver.com/mnews/article/417/0000900909?sid=101,"[
이달 말일까지 1  2차 얼리버드 티켓 이벤트 진행 … 최대 50% 할인된 가격에 관람 기회 제공



 서울커피엑스포 사무국은 오는 4월 5일부터 나흘간 삼성동 코엑스에서 열리는 '2023 서울커피엑스포' 입장권을 할인된 금액에 구매할 수 있는 1차 얼리버드 티켓은 오는 15일까지 정가 대비 50% 할인된 가격에  2차 얼리버드 티켓은 16일부터 31일까지 30% 할인된 가격에 판매한다고 밝혔다.'2023 서울커피엑스포'는 'Blend Your Business'를 주제로 열리는 상반기 최대 규모 B2B 커피 전문 전시회다. 커피를 비롯한 머신  인테리어  디저트 등 카페 운영에 필요한 모든 것과 커피산업 최신 트렌드를 한자리에서 만나볼 수 있다. 올해는 약 250개사 850부스가 참여해 코로나 이후 역대 최대 규모로 진행될 예정이다. 이번 전시회에서는 올해의 주빈국으로 초청된 필리핀의 커피 산업과 문화를 살펴볼 수 있다. 차별화된 맛과 향을 가진 특색 있는 로스터리의 원두를 한 공간에서 만나볼 수 있는 '로스터즈 클럽'과 커피산업 최신 트렌드를 확인할 수 있는 '신제품 특별관'도 눈여겨볼 포인트다.또한 대한민국 카페 대항전 'K-Caf Championship(KCC)'과 라떼아트대회 최강자 '엄폴'과 '로라'가 직접 기획하고 세계대회 우승자들이 대거 참여하는 '2023 World Latte Art Masters(WLAM)' 등 다양한 부대행사도 관람할 수 있다. 서울커피엑스포 관계자는 ""실내 마스크 착용 의무 해제 이후 처음으로 열리는 대규모 F&amp;B 전시회인 만큼 많은 볼거리와 즐길거리를 준비했다""며 ""이번 얼리버드 티켓 이벤트를 통해 보다 많은 분들이 알찬 전시를 즐기시길 바란다""고 말했다.
]"
10,2023-03-02 14:50,다양한 커피원두의 세계,https://n.news.naver.com/mnews/article/001/0013788785?sid=101,"[




    (서울=연합뉴스) 진연수 기자 = 2일 서울 강남구 세텍(SETEC)에서 열린 2023 서울카페&amp;베이커리페어를 찾은 관람객이 커피 원두를 고르고 있다. 2023.3.2     jin90@yna.co.kr
]"
11,2023-03-03 8:22,파리바게뜨  스페셜티 원두로 풍미 높인 '아샷추' 출시,https://n.news.naver.com/mnews/article/003/0011720389?sid=101,"[




[서울=뉴시스] 김동현 기자 = 파리바게뜨가 아이스티에 에스프레소 샷을 더한 '아샷추'를 출시한다고 3일 밝혔다.제품은 파리바게뜨의 자체 커피 브랜드인 카페 아다지오 시그니처의 100% 스페셜티 원두로 내린 에스프레소와 홍차 베이스의 달콤한 아이스티를 활용했다. 에스프레소의 깊은 풍미와 복숭아 홍차의 고급스러운 맛을 강조한 것이 특징이다.파리바게뜨는 카페인에 민감한 이들을 위한 디카페인 버전 아샷추도 함께 선보인다.파리바게뜨 관계자는 ""이번 제품은 100% 스페셜티 원두를 더해 풍미를 더욱 살렸다. 달콤한 아이스티가 커피의 쌉싸름한 맛을 부드럽게 감싸줘 커피를 선호하지 않는 사람들도 부담 없이 즐길 수 있다""고 말했다.
]"
12,2023-03-06 12:03,SPC 파스쿠찌 x 깔루아  에스프레소 바 한정 '커피 칵테일' 2종 선봬,https://n.news.naver.com/mnews/article/417/0000900990?sid=101,"[




 SPC(회장 허영인)가 운영하는 이탈리아 정통 커피전문점 파스쿠찌가 커피 리큐르 브랜드 '깔루아(Kahlua)'와 협업해 에스프레소 바 전용 '커피 칵테일' 2종을 출시했다. 이번 협업은 저도주·혼합주를 선호하는 MZ세대를 겨냥해 깔루아와 함께 보다 가볍고 맛있게 즐길 수 있는 칵테일 경험을 선사하기 위해 기획됐다. 깔루아는 2021년부터 'Coffee Goes Cocktails(깔루아와 함께하는 커피 칵테일 여행)' 프로모션을 진행 중이다.신제품은 △부드럽고 달콤한 허니크림과 파스쿠찌를 대표하는 블렌드 '골든삭(Golden Sack)'  깔루아가 조화롭게 어우러진 '허니크림 깔루아 밀크(8 500원)' △솔티 카라멜 젤라또와 '골든삭' 원두가 블렌딩되어 매력적인 단짠 조합을 자랑하는 '솔티 카라멜 깔루아 쉐이크(8 500원)' 등 2종이다.커피 칵테일 2종은 이탈리아 현지 에스프레소 바의 모습을 재현한 파스쿠찌 시그니처 매장 4개점(센트로서울점  에스프레소 바 양재  에스프레소 바 인천송도점  에스프레소 바 해운대 엘시티점)에서 5월 30일까지 한정 판매할 예정이다.카페 창업 커피 프랜차이즈 브랜드 파스쿠찌 관계자는 ""깔루아와 손잡고 누구나 부담 없이 즐길 수 있는 달콤하면서도 깊은 커피 맛의 칵테일 2종을 선보이게 됐다""며 ""파스쿠찌는 앞으로도 고객 니즈를 반영한 다양한 이색 제품들을 선보이기 위해 노력할 것""이라고 밝혔다.
]"
13,2023-03-01 6:00,식후땡 '커피수혈' 어쩌나...원두 내려도 5000원 '커피값의 비밀',https://n.news.naver.com/mnews/article/025/0003262845?sid=101,"[
  



지난 22일 서울 중구 스타벅스 매장을 찾은 시민들이 커피를 사기 위해 길게 줄을 서 있다. 연합뉴스           직장인 이재원(43)씨는 점심값으로 2만원쯤은 각오한다. 식사하는데 1만~1만5000원이 보통인데  커피값이 5000원이라서다. 커피가 비싸다고 생각하지만 ‘식후 한 잔’이 오랜 습관이라 바꾸기 어렵다. 그나마 하루 한 잔은 스타벅스 같은 프랜차이즈 카페에서 해결하고  한 잔 더 마실 일이 생기면 ‘메가커피’ 같이 값싸고 양 많은 테이크아웃 커피를 이용한다. 이씨는 “최근 물가 상승으로 커피값도 많이 올라 이젠 편의점 커피  봉지 커피로 갈아탈지 고민 중”이라고 말했다.      커피 한 잔 5000원 시대에 접어들면서 외식 물가 부담도 더 커졌다. 지난해 스타벅스를 비롯한 커피 업체가 줄줄이 커피값을 인상하면서다. 최근엔 커피 원두 수입 가격이 내려갔는데도 커피 가격이 요지부동이라 ‘커필레이션(커피+인플레이션)’ 우려마저 나온다.     



그래픽=박경민 기자 minn@joongang.co.kr            28일 커피 업계의 스몰 사이즈(354~360ml) 기준 아메리카노 커피 한 잔 가격을 분석한 결과 스타벅스·할리스·앤제리너스·파스쿠찌·투썸플레이스 등은 4500원으로 나타났다. 폴바셋은 4700원  커피빈은 5000원이었다. 가격 인상의 총대를 멘 건 업계 1위 스타벅스다. 지난해 1월 7년6개월 만에 아메리카노 가격을 400원 인상했다. 그러자 경쟁 업체가 잇따라 300~400원씩 올렸다.      가장 대중적인 아메리카노 대신 다른 커피 메뉴를 200~700원 올린 업체도 많았다. 아메리카노는 4000원대가 ‘대세’지만 카페라테의 경우 스타벅스 5000원  폴바셋 5700원  커피빈 5800원 등 5000원대가 보통이다. 스타벅스코리아 관계자는 “지난해 커피값을 올렸기 때문에 당장 추가 인상할 계획이 없다”고 말했다.     



그래픽=박경민 기자 minn@joongang.co.kr           소비자가 커피 물가에 유독 민감한 건 한국이 손꼽히는 ‘커피 애호국’ 이라서다. 국내 성인 1인당 커피 소비량은 2018년 기준 연간 353잔에 달한다. 세계 평균(132잔)의 3배 수준이다. 정부가 커피 물가 잡기에 나선 이유다. 기획재정부는 지난해 6월부터 커피 원두(생두) 수입 시 부가가치세(10%)를 면제했다. 같은 해 8월부턴 원두 수입 시할당 관세(기본 관세율보다 낮은 관세 적용) 0%를 적용해왔다.세금 혜택을 준 결과 지난해 5월부터 ㎏당 7000원대를 유지하던 생두 수입 가격이 지난해 10월 정점(㎏당 7401원)을 찍고 12월 6058원으로 떨어졌다. 정점 대비 18.1% 하락했다. 문지인 농림축산식품부 식품외식산업과장은 “올해 1분기 이후부터 가격 내림세가 더욱 가팔라질 것”이라며 “최근 문제가 된 소주 물가처럼 커피 물가도 들썩이지 않도록 관리하겠다”고 말했다.      하지만 정부 기대와 달리 카페 커피값은 요지부동이다. 특히 지난해 대형 카페 브랜드가 일제히 가격을 올렸다면  최근엔 ‘가성비’ 덕분에 인기를 끈 저가형 커피 브랜드가 가격을 인상하는 추세다. 이디야 커피는 지난해 12월  매머드 커피는 올 1월 각각 커피 가격을 200~700원씩 인상했다. 이디야 아메리카노 한 잔(532ml)은 3200원  매머드 커피 한 잔(610ml)은 1600원이다. 남양유업은 편의점용 커피 제품인 프렌치카페 3종 가격을 3월 1일부터 100~200원 인상한다.     



그래픽=김영옥 기자 yesok@joongang.co.kr           커피 원두 가격이 내리는데도 카페 커피값이 그대로인 건 원두가 커피 가격에서 차지하는 비중이 작아서다. 업계에선 커피 한 잔당 원두값을 500원 정도로 본다. 게다가 관세 혜택은 원두 수입업자에게만 해당한다. 서울 송파구에서 카페를 운영하는 장모(54)씨는 “로스팅한 원두를 들여오는 데 가격이 내려가지 않아 관세 혜택을 체감하지 못한다”며 “임대료·인건비·물류비는 물론 우유·설탕·빨대·플라스틱 컵 등 물가가 다 올라 커피값을 인상할 요인밖에 없다”고 털어놨다.      엎친 데 덮친 격으로 국내 원두 수입의 23%를 차지하는 브라질이 4~5월 커피 수확기를 앞두고 작황이 악화할 전망이다. 극심한 가뭄 때문이다. 국제 원두 가격이 수입 가격에 반영되기까지 짧게는 2~3개월가량 걸리는 만큼 올 2분기부터 영향을 받을 수 있다.   
]"
14,2023-03-02 12:25,커피의 세계,https://n.news.naver.com/mnews/article/003/0011718943?sid=101,"[




[서울=뉴시스] 조성우 기자 = 2일 오전 서울 강남구 세텍에서 열린 2023 카페&amp;베이커리페어를 찾은 관람객들이 커피 원두를 살펴보고 있다. 2023.03.02. xconfind@newsis.com[사진 영상 제보받습니다] 공감언론 뉴시스가 독자 여러분의 소중한 제보를 기다립니다. 뉴스 가치나 화제성이 있다고 판단되는 사진 또는 영상을 뉴시스 사진영상부(n-photo@newsis.com)로 보내주시면 적극 반영하겠습니다.
]"
15,2023-03-03 10:32,부산 영도 청학동을 커피 볶는 마을로…관광자원 검토,https://n.news.naver.com/mnews/article/001/0013790332?sid=102,"[
영블루벨트 사업 조성되면 로스팅 업체 집적화 등 추진



한국토지주택공사가 주도하는 청학동 활성화 시범사업지 개발 조감도[영도구 제공. 재판매 및 DB금지]    (부산=연합뉴스) 차근호 기자 = 부산 영도구가 청학동 일대에 커피 로스터리(커피 생두를 볶아 원두를 판매하는 곳) 업체들을 모아 관광자원으로 활용하는 방안을 검토하고 있다.     부산 영도구는 '청학동 공업지역 활성화 시범사업지'가 조성되면 입점할 의향이 있는 커피 업체 33곳과 업무협약을 체결했다고 3일 밝혔다.     현재 영도구 청학동 옛 한국타이어 부지에는 한국토지주택공사(LH) 주도로 공업지역 활성화 시범사업(영블루벨트)이 추진되고 있다.    오래된 조선소 등이 해안을 따라 늘어선 청학동의 옛 한국타이어 8만여㎡ 부지에 주거  상업  문화 등을 위한 건물을 짓는 복합개발을 통해 청학동 일대를 활성화 하는 사업이다.    국토교통부 시범사업으로 선정돼 LH가 용지 매입은 완료했고  현재 기재부의 예비타당성조사를 받고 있다.    구는 부지 내 시설이 지어지면 커피로스팅 업체 등이 모일 수 있도록 유도해 영도구 커피산업의 가치사슬을 만들어내고 관광객들의 볼거리로도 활용할 수 있지 않을까 구상한다.    구 관계자는 ""입점이 잘 추진된다면 '커피협동조합'을 만들어 지역 내 커피산업 규모를 키우고  생두를 보관하는 창고를 만들어 커피가 경매되도록 하는 등 다양한 활용 가능성을 생각하고 있다""고 말했다.     구는 이곳에 커피 로스팅 업체가 모이면  바로 인근 봉래동 해안가에 몰려있는 커피 업체들과 상생 효과도 발생할 것으로 기대한다.     영도구 관계자는 ""아직은 업무협약을 체결한 단계로  실제 로스팅 업체들이 모일지는 향후 건물 조성 후 입점 가격 등 변수를 살펴야하는 상황""이라면서 ""커피 도시 영도를 만들기 위한 구의 다양한 노력 중 하나로 봐주시면 된다""고 밝혔다.    ready@yna.co.kr
]"
16,2023-03-02 9:30,SPC 파스쿠찌  깔루아 협업해 바 한정 '커피 칵테일' 출시,https://n.news.naver.com/mnews/article/003/0011718218?sid=101,"[
기사내용 요약파스쿠찌 시그니처 매장에서 5월까지 한정 판매



(사진=SPC 제공) *재판매 및 DB 금지[서울=뉴시스]주동일 기자 = SPC가 운영하는 파스쿠찌가 리큐르 브랜드 '깔루아(Kahlua)'와 협업해 에스프레소 바 전용 '커피 칵테일' 2종을 출시한다고 2일 밝혔다.이번 협업은 저도주와 혼합주를 선호하는 MZ세대를 겨냥해 가볍고 맛있게 즐길 수 있는 칵테일 경험을 선사하기 위해 기획했다.신제품은 ▲'골든삭'에 깔루아를 더한 '허니크림 깔루아 밀크' ▲솔티 카라멜 젤라또와 골든삭 원두를 블렌딩한 '솔티 카라멜 깔루아 쉐이크' 등이다.커피 칵테일 2종은 이탈리아 현지 에스프레소 바의 모습을 재현한 파스쿠찌 시그니처 매장 4개점(센트로서울점  에스프레소 바 양재  에스프레소 바 인천송도점  에스프레소 바 해운대 엘시티점)에서 5월 30일까지 한정 판매한다.파스쿠찌 관계자는 ""깔루아와 손잡고 누구나 부담 없이 즐길 수 있는 달콤하면서도 깊은 커피 맛의 칵테일 2종을 선보이게 됐다""며 ""파스쿠찌는 앞으로도 고객 니즈를 반영한 다양한 이색 제품들을 선보이기 위해 노력할 것""이라고 말했다.
]"
17,2023-03-05 15:02,커피업계 테슬라' 스트롱홀드  강원도 태백서 로스팅 혁신 준비한다,https://n.news.naver.com/mnews/article/030/0003082246?sid=101,"[




스트롱홀드테크놀로지 사옥 전경.(스트롱홀드테크놀로지 제공)'커피업계 테슬라'로 불리는 스트롱홀드테크놀로지가 강원도 태백에 스마트로스팅팩토리를 구축한다. 기존 '소품종 대량생산'에서 벗어나 '다품종 소량생산' 시스템을 갖추고 맞춤형 원두를 제공한다는 목표다.우종욱 스트롱홀드 대표는 “로스팅 자동화 기술을 기반으로 스마트로스팅팩토리를 만들겠다”면서 “생산자 중심 시장을 구매자 중심으로 바꾸겠다”고 말했다.'전기로스터는 안 된다'는 편견을 깬 데 이어 로스팅 패러다임을 뒤집겠다는 포부다.스트롱홀드는 전기로스터 성능을 높이는 동시에 유명 바리스타 로스팅 기법을 재현하는 기능으로 커피업계 테슬라로 통한다. 열원을 가스에서 전기로 바꾸고 로스팅을 자동화했다는 점이 전기차로의 전환과 자율주행을 앞세워 산업을 혁신한 테슬라와 닮아서다. 국내외 판매된 제품에서 수집한 데이터를 바탕으로 알고리즘 등 솔루션을 개선하는 것도 공통점이다.우 대표는 “전기로스터는 정밀제어·안전성·친환경성 등 여러 장점에도 '맛이 없다'는 한계가 있었다”면서 “수많은 어려움을 이겨내며 '전기로스터가 로스팅한 원두도 맛있다'는 점을 시장에 증명했다”고 말했다.실제 코리아 커피로스팅 챔피언십 등 국내 대회는 물론 월드 커피 로스팅 챔피언십  미국 로스터 챔피언십 등 해외에서도 공식 로스팅 머신으로 채택됐다.



한 카페 매장에 설치된 스트롱홀드테크놀로지 전기로스터.(스트롱홀드테크놀로지 제공)다음 스텝은 로스팅 시스템 혁신이다. 스트롱홀드는 고객사 매장에서 직접 로스팅하는 게 가장 효율적이라고 보지만  판매가 늘며 자체 생산으로 원두 수요를 감당하지 못하는 경우가 발생하는 등 원두 생산 니즈가 생겼다.우 대표는 “본사에도 고객사에 판매한 전기로스터가 있어 재현 기능을 통해 동일한 원두를 생산할 수 있다”면서 “고객사로부터 주문자상표부착생산(OEM)·제조자개발생산(ODM) 요청이 들어왔다”고 설명했다.태백에 마련하는 스마트로스팅팩토리가 첫 단추다. 2000평 규모 부지에 올해 착공에 들어가 스마트로스팅팩토리 일부를 가동하겠다는 계획이다. 각 전기로스터가 재현 기능을 바탕으로 주문자가 원하는 원두를 생산하는 시스템이다. 월 40톤 생산이 1차 목표다.우 대표는 “카페 사업자가 맞춤형 원두를 찾는 과정도 어렵고  대량 구매가 아니면 생산 과정에 반영되지 않는다”면서 “소량 주문도 맞춤 로스팅하는 시스템을 만들어 이를 테스트하겠다”고 말했다.우 대표는 영세 카페 사업자의 든든한 지원자이자 수입이 주인 국내 커피업계에서 보기 드문 수출기업이라는 사명감과 자부심도 전했다.그는 “카페 사업자가 직접 로스팅하면 그라인더  추출기 등 어떤 커피 기기보다 비용절감 효과가 크다”고 강조했다.



우종욱 스트롱홀드테크놀로지 대표.(스트롱홀드테크놀로지 제공)
]"
18,2023-03-03 12:55,커피의 정수  에스프레소...내 취향의 에스프레소 바(Bar)를 찾아서,https://n.news.naver.com/mnews/article/057/0001726248?sid=103,"[
			대중들이 생각하는 ‘카페’는  오랜 시간 앉아서 즐기는 공간으로서의 역할이 크다. 우리는 그곳에서 누군가와 대화를 나누기도 하고  식사를 하거나 책을 읽으며 공부를 하는 등 다양한 목적을 두고 오랜 시간을 보낸다. 그런데 최근 빠르게 커피를 마시고 일어나는 에스프레소 바가 현대인들의 니즈와 맞물리며 빠르게 성장하고 있다. 



에스프레소 바 '오우야(ouya)'의 스탠딩 테이블에서 사람들이 커피를 즐기고 있다.(사진 엠비치오넴  매경DB)에스프레소 문화의 시작커피의 종주국 이탈리아는 에스프레소가 대중적인 커피다. 어느 에스프레소 바에 들어가도 주변 손님들  바리스타와 반갑게 인사를 나누고  길에서 우연히 아는 사람을 만난다면 가까운 카페에 들어가 에스프레소를 마시며 짧게 근황을 나누기도 한단다(한국에서 오랜만에 만난 사람에게 ‘밥 한번 먹자!’라고 말하는 것과 비슷한 셈이다). 미국식 커피 문화와  아메리카노에 익숙한 우리나라에서 에스프레소는 다소 낯선 메뉴이다. 소싯적 기자는 카페에서 아르바이트를 했었다. 당시 메뉴 중 에스프레소를 시키는 경우는 20명 중 1명 남짓할까 말까  그마저도 외국인이 전부였었다. 종종 커피를 잘 모르는 나이대의 손님들이 오면 메뉴판을 한참을 보다가 저렴한 가격에 에스프레소를 주문하곤 했는데  그럴 땐 “적은 양으로 나오는 진하고 쓴 맛의 커피인데  주문 도와드릴까요”라고 되묻기도 했었다. 그렇게 낯설게만 느껴지던 음료가 ‘트렌드’로 자리잡은 배경은 무엇일까.사실 에스프레소의 유행은 갑작스러운 등장이 아니다. 몇 년간의 음료 소비 행태와 흐름을 보면 자명한 결과이기도 하다. 트렌드 분석가 김용섭이 자신의 유튜브 ‘김용섭 INSIGHT’를 통해 2019~2022년 음료 트렌드에 대해 총괄적으로 분석한 내용을 살펴보면  흥미로운 지점이 있다. 2018년  한국에 ‘커피계의 애플’ 블루보틀이 상륙한다는 소식이 전해졌다. 미니멀한 인테리어  커피 본연의 향과 맛에 집중한 블루보틀은 2019년에 성수동에 1호점을 오픈했고  기본 웨이팅 시간이 3~4시간에 달할 정도로 인기가 뜨거웠다. 이 시기와 맞물려 한국 커피 업계에 새로운 바람이 불었다. 스페셜티  프리미엄 커피 시장이 점차 넓어지면서  커피 애호가들과 2030세대를 중심으로 커피의 원산지  품종 등을 따지며 일종의 취향이 생기기 시작한 것이다. 대중은 싱글 오리진(단일 원산지의 원두)이나  블렌딩 원두  에스프레소 머신  핸드드립 등의 차이에 대해 뚜렷하게 인식하며 자신의 커피 취향을 세분화했고  그 밖에도 홈 카페 유행 등이 국내 커피 문화의 성장을 이끌었다. 그리고 2020년  약수 ‘리사르 커피’를 필두로  합정동 ‘오우야 에스프레소 바’  충정로 ‘드로우에스프레소바’ 등이 국내 에스프레소 바에 대한 인지도를 높이며 대중화됐다.



블루보틀 커피(사진 블루보틀  매경DB)※ ‘에스프레소’  ‘취향 소비’의 대표적 아이템‘취향 소비’는 한국인의 중요한 트렌드로 오래도록 이어져 왔다. 취향의 가치가 점점 커지고 디테일해지면서 이를 과시하는 사람들도 늘어가고 있다. 『라이프 트렌드2023』(김용섭 저/부키)는 ‘이제 취향의 상향 평준화 속에서 차별화되고 과시할 수 있는 건 디테일의 차이’(p331)라고 설명한다. 『트렌드 코리아 2023』(미래의 창)에서도 ‘취향’에 대한 중요성은 거듭 언급된다. 자신의 취향에 맞는 한 분야에 깊이 파고드는 행위를 하는 사람들이 늘어나는 트렌드를 가리켜 ‘디깅모멘텀Digging Momentum’이라고 정의한다. 우리 사회 곳곳에 퍼져 있는 ‘디깅러(digging+접미사 er)’들이 단지 ‘취미에 진심’이기만 한 것은 아니다. 이는 ‘멀티 페르소나’ 시대에 ‘찐자아’를 찾으려는 열정 가득한 노력이자  ‘코로나 사태와 불경기 속에서 흔들리는 실존적 불안에 대처하기 위해 적극적으로 자신만의 행복전환점을 찾으려는 삶의 매진이라는 것’(p281)이다.



(사진 포토파크)짧은 시간  빠르게 즐기는 취미 ‘커피’ 



(사진 포토파크)커피 문화가 성장함에 따라 나에게 맞는 커피를 찾아가는 과정과 경험이 중요해지면서  에스프레소 바는 ‘취향의 공간’으로 자리잡게 되었다. 빠른 시간 내에 자신의 취미를 즐기고자 하는 젊은 세대에게 에스프레소 바는 ‘비용’과 ‘시간’적인 면에서 가성비가 훌륭한 아이템이다.에스프레소의 어원은 영어로 ‘압력을 가해’(Press) ‘나오다’(Exit  -ex)라는 단어와  ‘빠르다’(Express)라는 단어에서 유래되었다는 해석이 대중적이다. 그만큼 커피 추출 시간뿐만 아니라  커피를 마시는 속도가 빠른 것이 특징이기 때문이다. 실제로 에스프레소는 전용잔으로 두세 모금이 되는 양을 마시는 데 10분이 채 걸리지 않는다. 에스프레소 전문점이 스텐딩 바(Bar) 형태가 중심인 것도 이와 같은 커피의 특성 덕분이다. 길게 머물 것 없이 바에 기대어 즐기는 스탠딩 바는 ‘잠깐 빠르게 커피를 즐기는’ 에스프레소 문화 공간으로 제격이었다. 또한 에스프레소 한 잔의 가격은 (메뉴에 따라 천차만별이지만) 평균 1500~3000원 선이다. 아메리카노 한 잔의 가격에 비해 저렴한 값으로 유럽 정통의 맛을 즐길 수 있는 셈이다. 요즘 SNS에서 흔히 볼 수 있는 에스프레소 잔을 탑처럼 쌓아 올린 인증샷은 다양한 에스프레소 종류를 여러 잔 마시며 자신의 취향을 찾아가는 2030세대들의 놀이 문화 중 하나이다. 최근에는 프렌차이즈 카페 브랜드나  편의점에서도 세분화된 고객들의 커피 취향에 맞춘 메뉴들을 선보이고 있다. 일례로  GS25의 커피 브랜드 카페25의 에스프레소는 출시 1년도 안돼 63만 잔이 팔리며 커피 애호가들에게 주목을 받았다. 일부 고객들은 이에 우유  물  오트밀 분말 등을 조합해 자신만의 입맛대로 즐기는  DIY 커피의 베이스로도 활용하기도 했다. GS25는 지난해 말 카페25 에스프레소의 인기에 힘입어 카카오 가루를 토핑한 달콤한 에스프레소를 신메뉴로 선보이기도 했다. 홈 에스프레소 문화 역시 확대가 되고 있다. 네스프레소는 최근 에스프레소로 즐기기 좋은 커피를 소개했다. 이는 에스프레소 바에서 즐기던 레시피를 나만의 공간에서 즐기고자 하는 사람들을 겨냥한 것이다. 



네스프레소는 최근 홈 에스프레소 커피 레시피를 제안했다.(사진 네스프레소) 첫 에스프레소라면 대중적인 메뉴부터1885년 프랑스 파리 만국박람회에서 증기압을 이용한 커피머신이 첫 선을 보이며 에스프레소의 시작을 알렸다. 산업혁명 이후 19세기 중반~20세기 초 기계를 이용해 빠르게 커피를 추출하는 방식이 고안되었고  이탈리아에서 증기압을 이용한 커피를 제조하며 유럽으로 점차 확산됐다. 1930년대 후반에 이르러 지금의 에스프레소 머신에 가까운 형태가 나오기 시작했다. 



(사진 포토파크)에스프레소의 기본은 ‘드립식 커피보다 3배 정도 곱게 간 원두를 전용 머신을 이용해 강한 압력으로 짧은 시간 동안 추출해내  커피의 순수한 맛과 향을 원액으로 느낄 수 있다’(참고 및 발췌 『커피의 모든 것』 p179)는 것이다. 특유의 쓴 맛과  진한 맛으로 ‘마시기 어려운’ 이미지가 많지만  천천히 커피의 향미를 느끼다 보면 원두의 제대로 된 맛을 경험할 수 있다. 에스프레소 종류는 크게 4가지로 나눠진다. ‘에스프레소 솔로’(싱글  에스프레소 샷 하나)  ‘도피오’(더블  싱글과 같은 농도로 두 배의 양)  ‘리스트레토’(짧게 내린 에스프레소  싱글보다 진하지만 더 깔끔한 맛)  ‘룽고’(싱글보다 농도는 연하지만  더 쓴 맛)가 있다. 원두와 물의 농도  추출 시간 등에 따라 천차만별이라 정해진 맛은 없다. 때문에 이탈리아에서나 우리나라에서도 에스프레소 바의 다양한 베리에이션의 커피를 경험하는 ‘에스프레소 바 맛집 지도’ 등이 생겨나고 있다. 대부분의 에스프레소 바에서는 에스프레소 샷에 설탕을 넣어 즐기는 ‘카페 에스프레소’를 시작으로  에스프레소 샷 위에 우유 거품을 올린 ‘에스프레소 마끼아토’  에스프레소 샷 위에 휘핑 크림을 얹은 ‘에스프레소 콘 파나’  에스프레소와 거품이 없는 우유를 넣은 ‘플랫화이트’  그 밖에도 ‘스트라파짜토’  ‘아포카토’ 등을 주력 메뉴로 삼는다. 만약 에스프레소 입문자라면 ‘카페 에스프레소’를 에스프레소 바의 시그니처 디저트와 함께 즐기거나  ‘에스프레소 콘 파나’를 즐겨보길 추천한다. 한국에서 떠나는 이탈리아 여행  에스프레소 바 



쏘리 에스프레소 바의 음료(사진 이승연 기자)국내 에스프레소 바로 입소문난 카페들의 베스트셀러와  시그니처 메뉴를 경험해보는 것 역시 에스프레소 입문의 ‘정석’이다. 에스프레소 입문자들이라면 이곳 메뉴들을 찾아보도록 하자. 먼저  약수동에 위치한 ‘리사르커피’는 에스프레소 바의 대중화를 이끈 곳으로  명동점과 청담점 등에 지점을 확대했다. 입문자들에게 추천하는 리사르커피의 메뉴로는 가장 기본적인 ‘카페 에스프레소’와  ‘카페피에노’  그리고 ‘카페 콘 파나’가 있다. 평소 단 맛을 좋아한다면 ‘카페피에노’를 주문해볼 것. 에스프레소에 크림과 카카오가루를 토핑으로 뿌려 커피의 풍미를 더 진하게 느낄 수 있다. 아메리카노도 쓴 맛 때문에 즐기기 어려운 이들이라면 ‘카페 콘 파나’가 적절한 선택이다. 휘핑 크림을 스푼으로 반 정도 떠먹고  잔의 아래에 담긴 뜨거운 에스프레소와 휘핑 크림을 함께 마셔보도록 하자. 그야말로 달콤함과 쓴맛  뜨거움과 차가움을 동시에 느끼는 메뉴로 천천히 커피를 음미하기 좋다. 쏘리 에스프레소바’는 본점이 경복궁역 인근에 자리한 에스프레소 바 가게이다. 메뉴판 속 ‘Sorry! We don’t have Americano(죄송합니다! 저희는 아메리카노를 판매하지 않습니다)’라는 문구에서부터 가게의 특징을 설명해주는 듯하다. 이곳의 추천 메뉴는 ‘다이아몬드 에스프레소’. 에스프레소 샷에 설탕 한 스푼이 든 기본 카페 에스프레소로  함께 나온 스푼으로 몇 차례 저어 충분히 섞어 마시거나  또는 젓지 않고 천천히 녹여가며 크레마와 에스프레소  밑의 설탕이 눅진히 녹은 에스프레소까지 차례로 느껴보는 것도 좋다. 에스프레소 입문자인 기자는 다이아몬드 에스프레소를 설탕 없이 주문을 해 먼저 온전한 크레마와 에스프레소의 맛을 느낀 뒤  잔의 내용물이 반 정도 남았을 때 바 테이블 위에 올려진 설탕을 반 스푼만 넣어 함께 섞어 마셨는데  이 또한 별미로 느껴졌다. 이 밖에도 가게의 시그니처 디저트인 에그타르트와 함께 즐기는 ‘에그타르트 콤보’(에스프레소(골드/다이아)+포르투갈 에그타르트 1개)  ‘에스프레소 오네로소’(에스프레소에 설탕을 섞은 뒤 위에 우유크림  발로나 파우더를 뿌린 커피) 등도 추천 메뉴이다. 종각에 위치한 ‘노우즈×오우야 에스프레소바’는 노우즈 프로젝트와 오우야 카페가 콜라보한 공간이다. 메뉴는 에스프레소류(싱글)와 도피오류(더블)로 크게 나눠진다. 시그니처 메뉴로 샤케라토와  크렘 디 마롱이 있다. 기자는 ‘에스프레소 콘 파나스 콤프레소 너트’를 맛 보았는데  진한 에스프레소 샷과 달달하면서도 부드러운 우유 크림이 층을 이뤄 천천히 섞이다 보니 쓴 맛과 단 맛  고소한 맛의 조화를 느끼기 좋은 메뉴이다. 



노우즈x오우야 에스프레소바의 음료(사진 이승연 기자)알고 즐기는 에스프레소  추출부터 커핑까지 커피 전문가들은 에스프레소를 맛볼 때 산미와 아로마  바디감을 느껴보라고 조언한다. 새콤한 맛부터 카카오 향  묵직한 바디감  과일향  꽃향 등 커피의 맛을 이루는 것은 원두의 원산지와 재배지역  품종별로 맛과 특징이 달라진다. 특히  에스프레소는 온도를 중요시 여긴다는 것을 알아두자. 적절한 추출수의 온도는 커피의 향을 유지하고  맛을 좌지우지하기 때문이다. 아메리카노와 달리 에스프레소의 전용 잔이 따로 있고  커피를 따르기 전 따듯한 물로 잔을 살짝 데우는 것 역시 온도를 유지시켜 맛과 향이 날아가는 것을 방지하기 위해서이다(일부 에스프레소 바의 경우 잔의 두께를 두껍게 해 오랫동안 일정 온도를 유지하기도 한다). 에스프레소를 첫 시음하기 전 크레마도 살펴보도록 하자. 에스프레소의 크레마 색깔을 보면 많은 것을 알 수 있다. 좋은 크레마란 밀도가 있고(2~3mm)  스푼으로 살짝 어루만져도 지속력이 있어야 하며  진한 밤색보다는 황금빛을 띠어야 한다. 색이 과하게 진한 경우는 원두 분쇄가 너무 가늘거나  물 온도가 높아 커피가 탔다는 뜻이다. 전체적으로 모양이 균일할 필요는 없지만 커피를 다 마셨을 때 바닥에 살짝 남아 있다면 이 역시 좋은 크레마로 볼 수 있다. 



스푼을 넣어도 진한 황금빛의 크레마가 유지되는 에스프레소(사진 이승연 기자)에스프레소를 시음할 땐 살짝 커피가 식을 수 있도록 잠시 두고  숨을 들이켜 아로마를 느껴본다. 이때 자신의 감각 기관에 오롯이 집중하도록 하는데  이는 차를 마시거나  명상을 하는 것처럼 코와 혀에 닿는 모든 정보를 자각하기 위해서이다. 그리고 첫 한 모금을 마신 뒤 느낌(첫 맛  바디감  끝 맛)을 분석해본다. 마치 와인을 ‘테이스팅’ 하듯  커피에도 ‘커핑’ 과정이 있다. 전문적인 커핑 과정을 통해 커피의 맛과 품질을 평가할 수 있다. 커핑 훈련을 통해 맛있게 만들어진 커피를 평가하고  자신의 취향을 찾아나갈 수 있다. 에스프레소 입문자라면 맛 테이스팅 노트 기록부터 시작해보는 것도 좋다. 먼저 맛과 향으로 구분한 뒤  세부적으로 가벼운  향이 진한  은은한  톡 쏘는  쓴  나무향  레몬향(감귤류 껍질의 향 같은)  꽃 향  바디감이 있는  부드러운  김 빠진  균형 잡힌  구운 듯한  순종의(강한 개성을 가진) 맛 등으로 표현할 수 있다. 물론  전문가가 아닌 이상 정확한 분석 또한 쉽지 않다. 그럴 땐 커피의 ‘정서적 부피감’을 느껴봐도 좋다. 마치 도서 『잃어버린 시간을 찾아서』에서 주인공 마르셀이 홍차에 적신 마들렌을 먹으며 그 맛을 통해 기억을 떠올리듯  에스프레소를 자신의 기억에 빗대 ‘초여름 재스민의 향기’(에스프레소의 대표적인 향이다)나  ‘시골 할머니 댁의 오래된 나무 바닥의 냄새’(나무향은 아로마의 두드러지는 향이다) 등으로 표현하는 방식이다.(참고 및 발췌 도서 『기초부터 배우는 커피』) 초보 같고 어색하다고 느껴지는가? 걱정하지 말자. 자신의 커피 취향을 찾아가는 과정에는 어떤 정답도 없다는 것을 기억하자.-사진 및 일러스트 이승연  포토파크  매경DB -참고 및 발췌 도서 『기초부터 배우는 커피』(프랑수아 에티엔 저 / 배혜영 역 / 유엑스리뷰 펴냄)  『커피의 모든 것(한 권에 다 있다)』(김일호  박재연 저 / 백산출판사)  『스페셜티 커피 테이스팅』(윤선해 역 / 웅진리빙하우스)[본 기사는 매일경제 Citylife 제869호(23.3.7) 기사입니다]
]"
19,2023-02-22 15:30,"메가커피 수입 원두에서 '곰팡이 독소' 검출…""시중 유통은 안돼""",https://n.news.naver.com/mnews/article/448/0000396497?sid=101,"[




/메가커피 홈페이지 캡처프랜차이즈 커피업체 메가커피가 수입한 커피 원두에서 '곰팡이 독소'로 불리는 발암물질이 검출됐지만  시중에는 유통되지 않은 것으로 전해졌다. 22일 유통업계에 따르면 메가커피를 운영하는 앤하우스는 수입한 에티오피아산 원두를 반품하라고 식품의약품안전처로부터 요청을 받은 것으로 전해진다. 해당 원두에서 곰팡이 독소로 불리는 오크라톡신A가 초과 검출된 데 따른 것이다. 오크라톡신A는 저장 곡류 등에서 발생하는 독소로 일반적인 가열 조리과정에서는 파괴되지 않는다. 세계보건기구(WHO)가 발암물질로 규정했다. 메가커피 측은 ""문제가 되는 생두는 인수하지 않았다""며 ""고객에게 제공하는 커피제품에는 전혀 영향이 없다""고 밝혔다. 또 ""메가커피가 구매하려던 생두는 수입 통관 전에 식약처 검역단계에서 독성물질이 나와 즉시 인수를 거절하고 반송조치했다""며 ""시중에 유통될 수 없다""고 덧붙였다.
		]"
20,2023-02-28 8:30,이디야커피  페트 커피 3종 출시,https://n.news.naver.com/mnews/article/003/0011714603?sid=101,"[




[서울=뉴시스] 김동현 기자 = 이디야커피가 다음달 1일 페트 커피 3종을 출시한다고 28일 밝혔다. 신제품은 이디야커피만의 노하우가 담긴 최적의 레시피를 더해 커피전문점 수준의 맛을 구현한 것이 특징이다. 또 어셉틱 공법(무균충진)을 적용해 제품 안정성은 물론 커피 고유의 맛과 향을 온전히 느낄 수 있다.아메리카노와 스위트 아메리카노 제품은 3가지 커피 추출액을 활용한 트리플브루(콜드브루+핫브루+에스프레소)방식으로 최적의 밸런스를 구현했다. 콜드브루의 깔끔함과 핫브루의 부드러움 그리고 에스프레소의 진한 맛이 조화를 이룬다. 바닐라라떼는 에티오피아와 콜롬비아  브라질 원두를 활용한 트리플블렌딩 방식으로 최적의 향미를 끌어냈으며  천연바닐라 추출물과 원유를 함유해 부드럽고 달콤한 맛과 향을 느낄 수 있다.페트 커피 3종은500㎖ 대용량 사이즈로 출시되며 전국 CU  GS25  세븐일레븐  이마트24 등 편의점을 시작으로 온∙오프라인 다양한 채널을 통해 만나볼 수 있다.
]"
21,2023-03-02 0:03,원두값 내려도 요지부동…‘커필레이션’ 요지경,https://n.news.naver.com/mnews/article/025/0003263015?sid=101,"[
			  직장인 이재원(43)씨는 점심값으로 2만원쯤은 각오한다. 식사비로 1만~1만5000원이 보통인데  커피값이 5000원이라서다. 커피가 비싸다고 생각하지만 ‘식후 한 잔’이 오랜 습관이라 바꾸기 어렵다. 그나마 하루 한 잔은 스타벅스 같은 프랜차이즈 카페에서 해결하고  한 잔 더 마실 일이 생기면 값싸고 양 많은 테이크아웃 커피를 이용한다. 이씨는 “최근 물가 상승으로 커피값도 많이 올라 이젠 편의점 커피  봉지 커피로 갈아탈지 고민 중”이라고 말했다.      



그래픽=박경민 기자 minn@joongang.co.kr           커피 한 잔 5000원 시대에 접어들면서 외식 물가 부담도 더 커졌다. 지난해 스타벅스를 비롯한 커피 업체가 줄줄이 커피값을 인상하면서다. 최근엔 커피 원두 수입 가격이 내려갔는데도 커피 가격이 요지부동이라 ‘커필레이션(커피+인플레이션)’ 우려마저 나온다.      지난달 28일 커피 업계의 스몰 사이즈(354~360㎖) 기준 아메리카노 커피 한 잔 가격을 분석한 결과 스타벅스·할리스·앤제리너스·파스쿠찌·투썸플레이스 등은 4500원으로 나타났다. 폴바셋은 4700원  커피빈은 5000원이었다. 가격 인상의 총대를 멘 건 업계 1위 스타벅스다. 지난해 1월 7년 6개월 만에 아메리카노 가격을 400원 인상했다. 그러자 경쟁 업체가 잇따라 300~400원씩 올렸다.      가장 대중적인 아메리카노 대신 다른 커피 메뉴를 200~700원 올린 업체도 많았다. 아메리카노는 4000원대가 ‘대세’지만 카페라테의 경우 스타벅스 5000원  폴바셋 5700원  커피빈 5800원 등 5000원대가 보통이다. 스타벅스코리아 관계자는 “지난해 커피값을 올렸기 때문에 당장 추가 인상할 계획이 없다”고 말했다.      



그래픽=김영옥 기자 yesok@joongang.co.kr           소비자가 커피 물가에 유독 민감한 건 한국이 손꼽히는 ‘커피 애호국’이라서다. 국내 성인 1인당 커피 소비량은 2018년 기준 연간 353잔에 달한다. 세계 평균(132잔)의 3배 수준이다. 정부가 커피 물가 잡기에 나선 이유다. 기획재정부는 지난해 6월부터 커피 원두(생두) 수입 시 부가가치세(10%)를 면제했다. 같은 해 8월부턴 원두 수입 시할당 관세(기본 관세율보다 낮은 관세 적용) 0%를 적용해왔다.      세금 혜택을 준 결과 지난해 5월부터 ㎏당 7000원대를 유지하던 생두 수입 가격이 지난해 10월 정점(㎏당 7401원)을 찍고 올 1월에는 5613원(지난해 10월 대비 -24.2%)까지 떨어졌다. 문지인 농림축산식품부 식품외식산업과장은 “올해 1분기 이후부터 가격 내림세가 더욱 가팔라질 것”이라며 “최근 문제가 된 소주 물가처럼 커피 물가도 들썩이지 않도록 관리하겠다”고 말했다.      



그래픽=박경민 기자 minn@joongang.co.kr           하지만 정부 기대와 달리 카페 커피값은 요지부동이다. 특히 지난해 대형 카페 브랜드가 일제히 가격을 올렸다면  최근엔 ‘가성비’ 덕분에 인기를 끈 저가형 커피 브랜드가 가격을 인상하는 추세다. 이디야 커피는 지난해 12월  매머드 커피는 올 1월 각각 커피 가격을 200~700원씩 인상했다. 이디야 아메리카노 한 잔(532㎖)은 3200원  매머드 커피 한 잔(610㎖)은 1600원이다. 남양유업은 편의점용 커피 제품인 프렌치카페 3종 가격을 3월 1일부터 100~200원 인상한다.      커피 원두 가격이 내리는데도 카페 커피값이 그대로인 건 원두가 커피 가격에서 차지하는 비중이 작아서다. 업계에선 커피 한 잔당 원두값을 500원 정도로 본다. 게다가 관세 혜택은 원두 수입업자에게만 해당한다. 서울 송파구에서 카페를 운영하는 장모(54)씨는 “로스팅한 원두를 들여오는데 가격이 내려가지 않아 관세 혜택을 체감하지 못한다”며 “임대료·인건비·물류비는 물론 우유·설탕·빨대·플라스틱 컵 등 물가가 다 올라 커피값을 인상할 요인밖에 없다”고 말했다.      엎친 데 덮친 격으로 국내 원두 수입의 23%를 차지하는 브라질이 4~5월 커피 수확기를 앞두고 작황이 나빠질 전망이다. 극심한 가뭄 때문이다.  
]"
22,2023-02-23 15:20,짙은 향기의 커피 원두,https://n.news.naver.com/mnews/article/003/0011708220?sid=102,"[




[대구=뉴시스] 이무열 기자 = 23일 오후 대구 북구 산격동 엑스코에서 열린 ‘2023 디카페쇼’에서 관람객들이 커피 원두를 살펴보고 있다. 올해 3회째를 맞이한 디카페쇼는 커피장비  원두  카페창업  인테리어 등 카페산업 분야의 105개 기업이 참여하며 카페창업을 위한 무료 오픈세미나와 카페거리 홍보관  청년카페 영스트리트와 다양한 이벤트가 진행된다. 2023.02.23. lmy@newsis.com[사진 영상 제보받습니다] 공감언론 뉴시스가 독자 여러분의 소중한 제보를 기다립니다. 뉴스 가치나 화제성이 있다고 판단되는 사진 또는 영상을 뉴시스 사진영상부(n-photo@newsis.com)로 보내주시면 적극 반영하겠습니다.
]"
23,2023-03-02 17:16,“눈뜨자마자? 식후땡?”… 수면 전문가가 찍어준 커피 마시기 좋은 시간대 [왕개미연구소],https://n.news.naver.com/mnews/article/023/0003749311?sid=101,"[
아침 공복에 마시는 모닝커피는 피해야  [왕개미연구소] #내돈부탁해							지난해 우리나라 커피콩(생두·원두) 수입액은 13억달러(약 1조7000억원). 역대 최대치였다. ‘커피공화국’이라는 말이 나올 정도로  이제 커피 없는 일상은 상상할 수 없게 됐다. 한때 커피는 세계보건기구(WHO)로부터 ‘발암성 식품’이라는 낙인이 찍혔었지만  전세계 과학자들의 연이은 연구로 지난 2016년 오명을 벗었다.일본에선 지난 2015년에 나온 국립암연구센터 발표 이후 인식이 많이 바뀌었다. 일본의 국립암연구센터는 1990년부터 2011년까지 약 21년 동안 40~69세 성인남녀 9만명을 대상으로 습관적으로 마시는 커피와 사망 위험의 상관 관계를 추적·관찰했다. 연구 기간 중 약 1만3000명이 사망했는데  국립암연구센터는 원인과 결과를 분석해 보고서를 발표했다.보고서에 따르면  커피를 많이 마실수록 사망 위험은 낮아졌다. 커피를 전혀 마시지 않는 사람을 기준으로 했을 때  커피를 하루 3~4잔씩 마신 그룹의 사망 위험이 가장 낮았다. 하지만 하루 커피 5잔 이상부터는 사망 위험이 높아졌다.사망 원인별로 살펴 보면  심장질환이나 뇌혈관질환  호흡기질환의 경우 커피를 하루에 1잔도 마시지 않는 사람보다 하루 3~4잔씩 마시는 사람의 사망 위험이 36~43% 낮았다.



										그런데 아무리 커피가 하루 4잔까지는 건강에 좋은 수퍼 드링크라고 해도 피해서 마셔야 하는 시간대가 있다. &lt;일하는 당신을 위한 쾌면 지도&gt;를 쓴 일본의 수면 전문가 스미야료우(角谷リョウ)씨는 “출근 전에 잠을 깨려고 커피를 아침 일찍 공복에 마시는 사람들이 꽤 많다”면서 “하지만 모닝커피는 잘못 마시면 건강에 악영향을 줄 수 있으니 주의해야 한다”고 말했다.스미야씨는 ‘코르티솔’이라는 호르몬을 그 이유로 들었다. “아침에 잠에서 깨면 체내에서 ‘코르티솔’이라는 호르몬이 분비됩니다. 코르티솔은 신체 에너지를 만들어내는 항스트레스 호르몬이죠. 코르티솔 수치는 아침 기상 시점부터 상승하다가 1시간쯤에 피크를 찍고 점점 하락합니다. 코르티솔 분비가 왕성한 1시간 동안 커피를 마시면  지나친 스트레스가 유발되고 신체 내의 자발적인 코르티솔 분비 능력은 점점 나빠집니다. 기상 후 1시간쯤 지나서 코르티솔이 거의 분비되지 않을 때가 커피 마시기에 좋은 타이밍입니다.”



										그렇다면 오후엔 몇 시쯤 커피를 마셔야 좋을까. 수면 전문가 스미야료우씨는 “점심 식사 이후에 몸이 나른해지기 시작하는 오후 2~4시 시간대는 코르티솔 수치가 낮기 때문에 이때 커피를 마시면 각성 효과가 좋다”면서 “저녁에 커피를 마시면 카페인 효과가 6~8시간 지속되어 수면의 질을 나쁘게 하므로  저녁 이후에 커피(디카페인 커피는 OK)는 마시지 않는 것이 좋다”고 조언했다.
]"
24,2023-02-28 9:00,커피 가격 또 오른다...원인은 '이 나라' 때문?,https://n.news.naver.com/mnews/article/052/0001854998?sid=101,"[
			■ 진행 : 안보라 앵커■ 출연 : 이은희 인하대 소비자학과 교수* 아래 텍스트는 실제 방송 내용과 차이가 있을 수 있으니 보다 정확한 내용은 방송으로 확인하시기 바랍니다. 인용 시 [YTN 뉴스라이더] 명시해주시기 바랍니다.◇앵커&gt; 대표적인 기호식품 가운데 하나입니다  커피가. 그런데 세계 최대 커피 생산국 브라질의 원두 작황이 이게 나빠질 것으로 예상이 돼서 커피 선물가격이 올랐다  이런 기사를 봤는데 선물가격이 얼마나 오른 건가요?◆이은희&gt; 선물가격이 전달에 비해서 21.9% 정도 올랐다고 합니다.◇앵커&gt; 한 달 만에 20% 넘게 오른 거예요?◆이은희&gt; 네  오른 거죠. 사실은 브라질에 가뭄이 굉장히 심하다고 하고요. 우리나라가 수입하는 원두의 23%를 브라질에 의존하고 있습니다.◇앵커&gt; 그렇군요. 그러면 커피의 원두 가격이 오르면 우리가 수입하는 원두의 가격도 당연히 오르는 거잖아요. 그러면 지금 우리가 사 먹는 커피 가격에도 바로 영향을 미치는 겁니까?◆이은희&gt; 네  대개 한 두세 달의 시차를 두고 적용이 되기 때문에 1  2월에 그런 인상 요인이 있다고 할 것 같으면 5  6월  2분기  3분기에 가격이 오르지 않을까  소비자들이 걱정해야 되는 상황이다  이렇게 볼 수가 있는 거죠. ◇앵커&gt; 머지않은 미래네요  두세 달 뒤면. 어쨌든 가격이 오를 것으로 예상이 되는 현재 현실을 짚어주셨어요. 그런데 이미 지난해 국내의 상당수 커피 프랜차이즈점들이 가격을 올렸거든요. 그래서 소비자 입장에서 커피 원두 가격이  커피 한 잔 만드는 데 원두 몇 알 이렇게 많이 들어가는 건 아니지만 이 원두 가격과 실제 커피 가격의 차이가 너무 나지 않냐  이런 지적도 있거든요. 어떻게 생각하십니까?◆이은희&gt; 많이 하죠. 말씀하신 대로 작년에 커피 프랜차이즈 가격이 일제히 올랐는데 최대 업체인 스타벅스 같은 경우에는 7년 6개월 만에 가격이 올랐다고 합니다. 그것뿐만 아니라 우리가 인스턴트 커피라고 하는 것 있죠. 그것도 최근 12월  1월에 최대 1  2위 기업이 가격을 올렸습니다. 그런데 문제는 뭐냐 하면 지금 현재 원두 가격 인상이 예상이 되고 있지만 제일 심했던 데가 작년 10월이에요. 10월에 킬로그램당 한 7404원 정도로 아주 최대였기 때문에 그걸 기반으로 해서 프랜차이즈 가격이 인상됐다  이렇게 볼 수가 있는 거죠. 그런데 그 가격이 1월에 많이 떨어졌어요. 그래서 한 5600원 정도까지 떨어졌거든요. 그래서 커피도 농산물이기 때문에 작황의 영향을 많이 받고 이렇습니다. 그래서 조금 더 가격의 등락이 심한데 그것에 따라서 저렴할 때 수입을 많이 하고 그것을 재고를 잘 관리한 다음에 소비자가 걱정하지 않게 가격을 유지시켜주기를 바랍니다.◇앵커&gt; 교수님 말씀 듣다가 갑자기 궁금한 게 기름값의 경우에는 원유 가격 급등에 따라서 높아지고 낮아지는 거에 따라서 국내 기름도 넣을 때마다 가격이 다르잖아요. 커피 원두는 말씀하신 것처럼 농산물이고 작황에 따라서 가격이 천차만별인데 우리가 사먹는 커피 가격은 똑같네요? 사실 커피도 많은 분들의 사랑을 받고 있고 소주 한 잔  맥주 한 잔  이렇게 술 좋아하시는 분도 많으시고 서민들의 시름을 달래주는 음료인데 국민들의 마음이 헛헛할 것 같아요. 저희가 이렇게 인상을 할 수밖에 없다는 소식을 전하면서 이제 물만 먹고 살아야 되나  이런 생각도 들고. ◆이은희&gt; 우리가 커피 한 잔의 여유  이런 표현 많이 쓰잖아요. 그다음에 소주 한 잔은 노래 제목으로까지 나왔어요. 그러니까 그만큼 서민들의 애환하고 관련이 있다  이렇게 볼 수가 있는 거죠. 더군다나 마음의 여유를 갖고 싶을 때  속상한 일 좀 풀고 싶을 때  한숨 돌리고 싶을 때 이럴 때 찾는 게 커피하고 소주인데 이런 것의 가격이 지속적으로 올라간다라고 하면 삶이 팍팍해진다라는 느낌을 갖게 되고 심리적으로 불만감  해소되지 않는 그런 감정으로 연결이 되기 때문에 이 가격은 굉장히 중요하다  이렇게 생각이 듭니다.◇앵커&gt; 어떻게 보면 저렴한 심리치료제. 저는 가격 오르기도 전에 벌써부터 마음이 좀 헛헛해지고 있습니다. 일반적으로 사람들이 특정 상품의 가격이 오르면 대체 상품을 찾기 마련이잖아요. 그런데 커피와 주류를 대체할 수 있는 상품이 뭐가 있을까를 생각해 봤는데 잘 기억은 나지 않습니다. 어떻게 보십니까?◆이은희&gt; 별로 없는 것 같습니다. 사실은 최근 들어서 전반적인 물가가 올라가고 있기 때문에 소비자들이 조금 저렴한 대체재가 있는가 굉장히 열심히 찾고 있어요. 그래서 커피 같은 경우에는 편의점 커피를 많이 이용을 한다고 합니다. 소비자들이. 그래서 그건 대체재가 있는 것 같고요. 그다음 맥주도 옛날에 편의점에 4캔에 1만 원 이런 거 있었는데 그거 지금은 다 없어졌죠. 찾아보기 힘들죠. 그래서 맥주하고 소주는 대체재가 없는 형편이어서  특히 애주가 여러분들  또 술로 하루의 스트레스를 푸는 분들은 어떤 대체재를 찾아야 될지 저도 잘 생각이 안 나는 상황입니다.◇앵커&gt; 혹시 막걸리? 쌀값이 떨어졌다고 하니. 저희가 여기까지 이야기를 나눠 보도록 하겠습니다. 시청자 여러분의 무거운 마음을 함께 공감하면서 저희가 주류 가격  그리고 커피 가격 인상과 관련해서 얘기를 나눠봤습니다. 지금까지 이은희 인하대 소비자학과 교수님과 함께 말씀 나눠봤습니다. 잘 들었습니다.※ '당신의 제보가 뉴스가 됩니다'[카카오톡] YTN 검색해 채널 추가[전화] 02-398-8585[메일] social@ytn.co.kr
		]"
25,2023-03-02 20:05,영도 청학동에 ‘로스터리 조합’ 선다…커피 밸류체인 잰걸음,https://n.news.naver.com/mnews/article/658/0000034482?sid=102,"[
구  영블루벨트 업체 유치 추진- 전국 20여 유명업체 입주 관심- 봉래동 커피거리와 시너지 기대부산 영도구가 청학동 일대에 ‘커피 밸류체인’ 조성에 도전한다. 인근 봉래동 커피특화거리와 엮어 원두의 경매부터 판매까지 영도구 안에서 이뤄질 수 있도록 하겠다는 계획이다. 



커피 생두를 로스팅하는 과정.영도구는 청학동 공업지역 활성화(영블루벨트) 시범사업지(해양로 175 일원·8만9578㎡) 부지에 커피업체 유치를 추진 중이라고 2일 밝혔다. 영도구에 따르면 영블루벨트는 3641억 원이 투입되는 사업으로  한국토지주택공사(LH)와 영도구가 함께 추진하고 있다. 이미 일대 부지는 LH가 매입(1554억 원)한 상태다. 부지 매입 비용을 제외한 나머지 비용(2087억 원)은 LH가 추가 확보한 뒤 도로·하수도 등 도시기반시설 조성에 투입할 예정이다. 영도구는 이번 사업의 닻이 오르면 ‘일석삼조’의 효과를 거둘 수 있을 것으로 본다. 봉래동 일대는 부산을 대표하는 유명 커피숍이 잇따라 들어서며 관광객을 모으고 있지만  특유의 로스팅향 때문에 잦은 민원이 접수되는 곳이기도 하다. 이 때문에 봉래동의 커피 로스터리(커피 생두를 볶아 생산한 원두를 판매하는 곳)를 청학동으로 밀집시키면 ‘커피 밸류체인’을 만드는 동시에 민원을 줄이는 효과도 볼 수 있다는 것이다. 또 청학동 입점 업체가 늘어나면 ‘커피협동조합’ 등을 만드는 방안도 논의 중이다. 조합을 만들어 지역 내 커피산업 규모를 키우면 생두 창고를 만들고  창고 안에서 커피 경매를 진행하는 방안도 추진한다. 영도를 방문한 관광객이 청학동에서 볶은 커피를 봉래동에서 마실 수 있게 한다는 것이다. 여기에 커피 경매를 관광자원화 하는 방안도 추진할 예정이다. 아직 기획재정부의 예비타당성 통과 등의 절차가 남아 있지만  영도구는 충분히 경제성이 있을 것으로 내다본다. 지난해 11월 영도구가 진행한 ‘영블루벨트 입주 희망기업 업무협약’에는 전국의 유명 커피업체 20곳이 참여 의사를 타진한 것으로 알려졌다. 김기재 영도구청장은 “봉래동엔 커피바를  청학동엔 로스터리를 유치하는 이분화된 커피 특화 구역을 조성하는 게 구의 목표다. 커피 뿐 아니라 첨단기업 유치도 계속 추진할 것”이라고 말했다.
		]"
26,2023-02-27 9:42,다날에프엔비 달콤커피  가맹점 원두 지원으로 '상생경영' 앞장,https://n.news.naver.com/mnews/article/008/0004855887?sid=101,"[




 다날의 계열사 다날에프엔비)가 상생경영의 일환으로 가맹점 운영에 도움이 되고자 전 가맹점을 대상으로 커피 원두를 지원한다고 27일 밝혔다. 최근 난방비  공공요금 등 물가 상승과 고금리로 매장 운영의 어려움이 발생될 것으로 예상돼 실질적으로 필요한 부분을 조사한 결과 커피원두 지원이 효과적일 것이라고 판단해 지원을 진행하게 됐다고 설명했다. 다날에프엔비는 2021년 국내 가맹점 지원  2022년 해외 프랜차이즈 대상 6개월간 원재료 지원 등 상생경영에 앞장서고 있다. 당시 가맹점주들의 만족도가 매우 높았던 것으로 나타났다.다날에프엔비 관계자는 ""대외적 어려움으로 인해 가맹점에서 발생될 손실을 고려해 물품을 지원하게 됐다. 점포 운영에 도움이 되길 바란다""며 ""앞으로도 급변하는 환경 속에서 브랜드의 지속적인 성장을 위해 가맹점과의 협력 체계를 강화하고  동반성장에 힘쓰겠다""고 말했다. 한편 달콤커피는 브랜드 론칭 10주년을 맞이해 MD 스페셜 키트를 출시했다. 또 달콤의 새로운 모델인 휴게소 및 특수 상권에서도 제휴  적립을 제공하고자 프로그램을 개발하는 등 고객과의 소통 강화에 힘쓰고 있다.
]"
27,2023-02-21 14:56,메가커피·롯데제과 수입 원두서도 ‘곰팡이 독소’ 검출… “시중 유통은 안 됐다”,https://n.news.naver.com/mnews/article/366/0000879345?sid=101,"[
커피 업체 블레스빈 수입·판매 원두서 ‘곰팡이 독소 검출’메가커피·롯데제과 수입 원두서도 독소 검출… “전량 반품”        국내 한 커피 수입·가공업체에서 판매한 에티오피아산 커피원두에서 곰팡이 독소(오크라톡신 A)가 초과 검출돼 회수 조치가 이뤄진 가운데  메가커피와 롯데제과에서 수입한 커피원두에서도 해당 독소가 검출된 것으로 드러났다.



식품의약품안전처가 지난 1일 곰팡이 독소를 검출한 에티오피아 수입 원두. /식약처 제공        21일 업계에 따르면 지난 1일 메가커피를 운영하는 앤하우스는 수입한 에티오피아산 원두에서 오크라톡신A가 초과 검출돼 식품의약품안전처로부터 수입한 원두를 전량 반품할 것을 요청받았다. 지난달 30일 롯데제과도 수입한 에티오피아산 커피원두 ‘시다모 G4′에서 같은 종류의 독소가 검출돼 전량 반품을 요청받았다.이들 업체는 수입한 커피원두를 모두 반품했고  시중에 유통되지는 않은 것으로 파악됐다. 식약처 관계자는 “서류만으로 통관을 거친 수입 커피원두에 대해 업체들의 보관 창고를 찾아가 검사를 진행한 결과 오크라톡신A가 검출됐으며  조치를 통해 시중 유통을 방지했다”고 했다.메가커피 관계자도 “문제가 된 커피원두는 전량 반품했다”며 “매장에서 사용하고 있는 원두에는 문제가 없다”고 했다. 메가커피는 해당 커피원두를 수출한 업체와의 거래 중단도 검토 중인 것으로 전해졌다.오크라톡신A는 곡물  콩  커피 등에서 주로 발생하는 곰팡이 독소로  신장과 간의 손상을 유발한다. 세계보건기구(WHO)는 규정한 발암물질로 규정하고 있기도 하다.한편  식약처는 지난 1일 경기 성남의 커피 수입·가공업체 블레스빈이 수입해 시중에 판매 중인 에티오피아산 커피원두에서 오크라톡신A가 검출돼 해당 제품에 대한 판매 중단과 회수 조치했다.
]"
28,2023-02-27 7:00,"""수장 교체에  캡슐커피 재도전"" 동서식품  체질개선 속도",https://n.news.naver.com/mnews/article/003/0011712174?sid=101,"[
기사내용 요약'마케팅통' 김광수 부사장  신임 대표에…캡슐 커피 시장 공략 특명'카누' 브랜드 앞세우고  경쟁사 캡슐제품 호환 통해 매출 극대화 추진



[서울=뉴시스] 김동현 기자 = 동서식품이 원두 스틱 커피 '카누' 성공의 주역인 김광수 마케팅 부사장을 신임 대표로 내정하고  신사업의 일환으로 캡슐커피 시장에 재도전장을 던졌다. 동서식품은 2012년 이후 10여년 만에 캡슐커피 시장에 다시 뛰어들어 새 미래 성장 동력을 찾고 외형 성장을 이뤄낸다는 각오다.27일 식품업계에 따르면 동서식품은 김광수 마케팅 부사장을 다음달 주주총회에서 신임 대표로 선임할 예정이다.김 대표는 국내 제조 커피 시장에서 맥심과 카누를 인기 브랜드로 만든 인물이다. '커피는 맥심'이라는 광고 카피로 맥심을 믹스커피의 강자로 만들었고 '세상에서 가장 작은 카페'라는 광고 카피로 카누의 시장 안착과 성공을 이끌었다. 김 대표에게 주어진 특명은 캡슐커피 시장에서의 입지 확대다. 동서식품은 2012년 '타시모'를 앞세워 캡슐커피 시장에 진출했지만 당시 시장 점유율이 높았던 네스프레소와 네슬레코리아에 밀려 캡슐 커피 시장에서 철수한 바 있다. 이번에는 친숙함을 무기로 소비자를 공략하기 위해 브랜드명에 자사 브랜드 '카누'를 넣었다. 영국 디자인 회사 레이어의 벤자민 휴버트가 디자인한 바리스타 머신 2종을 선보였다. 카누 바리스타 어반은 ▲오로라블랙 ▲스노우화이트 2가지 색상으로 프리미엄 이미지를 더했고 카누 바리스타 브리즈는 ▲크림화이트 ▲파스텔핑크 ▲캐슬그레이 3가지 색상으로 심플하고 부드러운 느낌을 살린 것이 특징이다. 머신에는 추출 전 분쇄 원두가 일정한 밀도로 평평하게 자리 잡도록 원두를 다지는 '트라이앵글 탬핑'  물과 에스프레소가 나오는 추출구를 나눈 '듀얼 노즐 바이패스 방식' 등이 적용됐다. 새롭게 선보이는 캡슐 커피에도 변화를 줬다. 먼저 네스프레소 커피머신과의 호환성을 고려한 캡슐커피를 선보인 것이 달라진 점 중 하나다. 또 전용 캡슐커피가 아닌 대중적인 모양을 도입함으로써 카누 캡슐커피 판매량을 늘리며 시장 점유율 확대를 본격화한다는 구상이다. 캡슐 커피의 종류는 소비자 취향을 적극 반영했다. 소비자들이 가장 선호하는 향미를 조사해 ▲라이트 로스트 ▲미디엄 로스트 2종 ▲다크 로스트 2종 ▲아이스전용 2종 ▲디카페인 캡슐 등 8종으로 선보였다. ▲라이트 로스트 ▲미디엄 로스트 2종 ▲다크 로스트 ▲디카페인 등 네스프레소 머신과 호환해서 사용할 수 있는 캡슐 6종을 함께 출시했다. 동서식품이 체질개선에 적극적인 모습을 보이고 있는 이유는 정체된 매출 규모 때문이다. 2011년 1조5026억원을 기록한 이후 2020년 1조5577억원  2021년 1조5495억원 등으로 외형 확대에 힘을 못쓰고 있는 상황이다. 맥심과 카누를 앞세워 커피믹스와 인스턴트 원두커피 시장에서 절대적인 시장 지배력을 가지고 있지만 커피 믹스 시장 자체가 작아지면서 매출 성장이 멈췄다는 분석이다.  또 가파른 시장 성장성도 동서식품이 캡슐커피에 재도전한 이유다. 유로모니터에 따르면 캡슐커피 시장 규모는 3년새 2배 가까이 커졌다. 2022년 기준 캡슐커피 시장 규모는 4000억원 이상으로 추정된다. 업계 관계자는 ""코로나19 여파 이후 홈카페 트렌드 확산으로 가정에서의 캡슐커피 소비량이 큰 폭으로 증가한데다 프랜차이즈 커피 전문점에서 판매하는 제품 가격이 올라 캡슐커피 시장의 매력도가 높아졌다""고 전했다.
]"
29,2023-02-22 10:10,"""나만의 커피 취향은?""…필립스  유태오와 '커피 MBTI 클래스'",https://n.news.naver.com/mnews/article/421/0006644737?sid=101,"[
전자동 커피머신 '라떼고 5400 시리즈'로 16가지 레시피 제조



필립스생활가전코리아 제공(서울=뉴스1) 김민석 기자 = 필립스생활가전코리아는 커피머신 광고 모델인 배우 유태오와 손잡고 '커피 MBTI 클래스'를 열었다고 22일 밝혔다.행사는 나만의 커피 취향을 알아보는 '커피 MBTI' 콘셉트로 서울 테라로사 한남점서 열렸다. 테라로사는 스페셜티 커피 업체다.필립스의 전자동 커피머신 '라떼고 5400 시리즈'와 필립스생활가전과 테라로사가 공동 개발한 '커피 MBTI 테스트' '16가지 결과 레시피' 등을 활용했다. 유태오는 자신의 커피 MBTI를 적용한 음료를 소개했다. 평소 즐겨 마시는 아이스크림 라떼를 라떼고 5400 시리즈의 라떼고 밀크 시스템으로 시연했다. 참가자들과 포토 타임도 가졌다.



필립스생활가전코리아필립스생활가전은 참가자들에게 필립스 커피컵  테라로사 원두  빈투바 초콜릿 등을 선물했다. 깜짝퀴즈를 푼 참가자에게 필립스 친환경 에코 키친 세트 토스터와 전기 주전자 등을 증정했다.고주현 필립스생활가전코리아 마케팅 본부장은 ""라떼고 5400 시리즈의 커스터마이징 기능을 활용해 입맛에 맞는 커피를 찾아보는 행사를 기획했다""며 ""앞으로도 세분화·고급화하는 커피 취향을 충족시킬 수 있도록 소비자 접점을 늘리겠다""고 말했다.한편 필립스 라떼고 5400 시리즈는 열두 가지 다양한 커피 메뉴를 원터치로 빠르고 간편하게 만들어 준다. 원두 분쇄 굵기부터 커피 강도  추출량  우유 거품양까지 커스터마이징 할 수 있다. 라떼고 밀크 시스템은 증기 압력으로 우유를 끌어올린 후 강력한 에어 스팀으로 혼합해 부드러운 우유 거품을 만들어준다.
		]"
30,2023-03-03 16:03,이디야커피  커피전문점 노하우 RTD 담아 … '페트(PET) 커피'선봬,https://n.news.naver.com/mnews/article/417/0000900479?sid=101,"[
'아메리카노'  '스위트 아메리카노'  '바닐라라떼' 등 500ml 대용량 페트 커피 3종 선보여



 이디야커피가 '페트(PET) 커피' 3종을 출시하며 RTD(Ready To Drink) 제품 확대에 나선다. 이번 신제품은 이디야커피만의 노하우가 담긴 최적의 레시피를 더해 커피전문점 수준의 맛을 구현한 것이 특징이다. 또한 어셉틱 공법(무균충진)을 적용해 제품 안정성은 물론 커피 고유의 맛과 향을 온전히 느낄 수 있다. '아메리카노'와 '스위트 아메리카노'는 3가지 커피 추출액을 활용한 트리플브루(콜드브루+핫브루+에스프레소)방식으로 최적의 밸런스를 구현했다. 콜드브루의 깔끔함과 핫브루의 부드러움 그리고 에스프레소의 진한 맛이 조화를 이룬다. '바닐라라떼'는 에티오피아와 콜롬비아  브라질 원두를 활용한 트리플블렌딩 방식으로 최적의 향미를 끌어냈으며  천연바닐라 추출물과 원유를 함유해 부드럽고 달콤한 맛과 향을 느낄 수 있다.페트 커피 3종은 소비자의 음료 선호 트렌드를 반영한 500ml 대용량 사이즈로 출시되며 전국 CU  GS25  세븐일레븐  이마트24 등 편의점을 시작으로 온오프라인 다양한 채널을 통해 만나볼 수 있다.카페 창업 커피 전문점 이디야커피 관계자는 ""지난 2021년 출시한 컵커피에 대한 높은 호응에 힘입어 이번 신제품을 출시하게 됐다""며 ""앞으로도 언제 어디서나 간편하게 이디야커피를 즐길 수 있도록 다양한 제품을 선보일 계획이다""고 말했다.
]"
31,2023-02-21 8:30,이디야커피  디카페인 에스프레소 음료 누적 판매 12만잔 넘어,https://n.news.naver.com/mnews/article/003/0011702213?sid=101,"[
기사내용 요약디카페인군 음료 판매량 이전 대비 46% 증가



(사진=이디야커피 제공) *재판매 및 DB 금지[서울=뉴시스]주동일 기자 = 이디야커피는 지난달 4일 선보인 디카페인 에스프레소 음료가 누적 판매량 12만잔을 넘어섰다고 21일 밝혔다.이디야커피 디카페인 원두는 원두에 포함된 카페인을 90% 이상 제거했다. 카페인에 민감한 소비자 뿐만 아니라 임신·수유 중인 고객도 부담없이 즐길 수 있다. 아메리카노  카페라떼를 포함해 에스프레소 샷으로 제조할 수 있는 모든 음료에 500원을 추가하면 디카페인 옵션을 선택할 수 있다.기존 디카페인 콜드브루에 더해 디카페인 에스프레소 출시 이후 이디야커피 디카페인 음료 전체 판매량은 약 46% 증가했다. 전체 디카페인 음료 주문 중 62%는 오후 2시 이후 주문 건으로 나타났다. 늦은 시간 카페인 부담 없이 커피를 즐기고 싶은 고객이 늘어난 것으로 보인다.현재 이디야커피 디카페인 에스프레소는 일부 가맹점에서 이용할 수 있다. 연내 취급 매장을 확대할 예정이다.이디야커피 관계자는 ""디카페인 에스프레소 출시로 모든 커피류를 디카페인으로 즐기실 수 있도록 했다""며 ""늦은 저녁에도 카페인 부담 없이 커피 한 잔을 즐기고 싶은 고객들에게 디카페인 에스프레소 음료를 추천한다""고 전했다.
]"
